start;measure
0.213560091;1
2.220249433;2
4.126530612;3
6.565691610;4
8.751020408;5
10.936734694;6
13.037687075;7
15.119115646;8
17.152789116;9
19.664535147;10
22.259206349;11
24.793083900;12
27.375442177;13
29.747641723;14
32.012063492;15
34.280861678;16
36.621859410;17
38.825963719;18
40.969546485;19
42.695532880;19.750
