start;measure
1.353560091;1
3.580249433;2
6.166530612;3
8.861383220;4
11.328435374;5
13.816712018;6
16.197687075;7
18.652312925;8
20.912789116;9
23.685918367;10
26.039206349;11
28.593083900;12
31.115442177;13
33.567641723;14
35.928866213;15
38.320861678;16
41.253718820;17
43.916530612;18
46.309546485;19
48.911020408;19.750
