start;measure
1.753560091;1
3.980249433;2
6.246530612;3
9.225691610;4
11.671020408;5
14.456734694;6
17.057687075;7
19.692312925;8
22.232789116;9
25.145918367;10
27.759206349;11
30.345034014;12
33.035442177;13
35.753083900;14
38.468866213;15
41.140861678;16
44.286122449;17
47.476530612;18
50.156938776;19
52.811020408;19.750
