start;measure
0.233560091;1
2.480249433;2
4.726530612;3
7.365691610;4
9.871020408;5
12.396712018;6
14.801043084;7
17.192312925;8
19.535759637;9
22.305918367;10
24.859206349;11
27.433083900;12
30.076757370;13
32.513083900;14
34.932063492;15
37.400839002;16
40.046122449;17
42.636530612;18
44.909546485;19
47.451020408;19.750
