start;measure
0.693560091;1
3.080249433;2
5.566530612;3
8.488458050;4
11.048435374;5
13.796712018;6
16.597687075;7
19.119115646;8
21.692789116;9
24.564535147;10
27.199206349;11
29.865034014;12
32.655442177;13
35.753083900;14
38.572063492;15
41.440839002;16
44.166122449;17
47.156530612;18
49.756938776;19
52.237627551;19.750
