start;measure
0.642811791;1
2.734603175;2
4.872653061;3
7.281224490;4
9.508435374;5
11.756712018;6
14.021043084;7
16.232312925;8
18.435759637;9
20.845918367;10
23.161269841;11
25.405034014;12
27.696757370;13
29.913083900;14
32.148866213;15
34.320839002;16
36.506122449;17
38.616530612;18
40.696938776;19
43.151020408;19.750
