start;measure
1.953560091;1
4.102301588;2
6.246530612;3
8.905691610;4
11.451020408;5
13.976734694;6
16.332086168;7
18.832312925;8
21.227278911;9
24.005918367;10
26.481269841;11
29.033083900;12
31.656757370;13
34.293083900;14
36.752063492;15
39.420839002;16
42.061859410;17
44.925963719;18
47.529546485;19
50.151020408;19.750
