start;measure
0.533560091;1
2.834603175;2
5.226530612;3
7.945691610;4
10.471020408;5
12.983424036;6
15.477687075;7
17.892312925;8
20.275759637;9
23.064535147;10
25.721269841;11
28.333083900;12
30.895442177;13
33.542335600;14
36.008866213;15
38.420839002;16
41.106122449;17
43.736530612;18
46.056938776;19
48.711020408;19.750
