start;measure
0.313560091;1
2.640249433;2
5.186530612;3
7.752766440;4
10.191020408;5
12.716712018;6
15.161043084;7
17.752312925;8
19.975759637;9
22.765918367;10
25.239206349;11
27.813083900;12
30.375442177;13
32.953083900;14
35.548866213;15
38.140839002;16
40.681859410;17
43.325963719;18
45.629546485;19
48.191020408;19.750
