type,time,duration,original,converted
chord,4.844897959183673,2.8902494331065762,Bb7,Bb:7
chord,8.99795918367347,1.3712018140589564,Eb7,Eb:7
chord,10.546938775510204,1.7980952380952377,Em7b5,E:hdim7
chord,12.499591836734695,7.612517006802719,Bb7,Bb:7
chord,20.303673469387753,7.691451247165535,Eb7,Eb:7
chord,28.159274376417233,5.535623582766437,Bb7,Bb:7
chord,34.207142857142856,1.4459183673469411,G7,G:7
chord,36.62176870748299,1.1312925170068056,C-7,C:min7
chord,40.343809523809526,3.211292517006804,F7,F:7
chord,43.69591836734694,1.972290249433101,Bb7,Bb:7
chord,45.82022675736962,1.7146485260770916,F7,F:7
chord,47.63283446712018,0.7987981859410382,B7,B:7
chord,48.68265306122449,0.756984126984122,G7,G:7
chord,49.6204081632653,0.9469387755102048,C-7,C:min7
chord,51.66730158730159,1.7592290249433091,Bb7,Bb:7
chord,56.159183673469386,1.212244897959188,A-7,A:min7
chord,57.563265306122446,1.8918367346938822,D-7,D:min7
chord,59.542857142857144,3.7482086167800404,G-7,G:min7
chord,63.50204081632653,3.7387755102040785,F7,F:7
chord,67.4530612244898,7.8938775510204096,Eb7,Eb:7
chord,77.10326530612245,1.4395918367346923,F7,F:7
chord,80.14285714285714,1.227120181405894,Eb7,Eb:7
chord,81.69795918367348,1.7001360544217619,G7,G:7
chord,83.6281179138322,5.853514739229027,C-7,C:min7
chord,89.54648526077098,1.854512471655326,F7,F:7
chord,91.54321995464852,5.771065759637196,Bb7,Bb:7
key,4.844897959183673,94.06938775510204,Bb-maj,Bb:major
