type,time,duration,original,converted
chord,10.263219954648527,212.4184126984127,F79#,F:7(#9)
key,10.263219954648527,212.54902494331066,F-maj,F:major
