type,time,duration,original,converted
chord,0.08163265306122448,3.233015873015873,NC,N
chord,7.75546485260771,246.24861678004535,E-7,E:min7
key,0.08163265306122448,255.84693877551018,E-min,E:minor
