type,time,duration,original,converted
chord,2.979591836734694,0.21224489795918355,C7,C:7
chord,3.379591836734694,3.255510204081632,F6,F:maj6
chord,6.733786848072563,1.4628571428571417,Eb-7,Eb:min7
chord,8.457868480725624,1.5267120181405893,Ab7,Ab:7
chord,10.155102040816326,0.8000000000000007,Dbj7,Db:maj7
chord,14.089795918367347,0.873469387755101,Gm7b5,G:hdim7
chord,15.29795918367347,1.477551020408164,C7,C:7
chord,17.06122448979592,1.2326530612244895,F-7,F:min7
chord,18.514285714285716,1.2571428571428562,Dm7b5,D:hdim7
chord,20.053061224489795,1.6775510204081634,Gm7b5,G:hdim7
chord,21.808163265306124,1.5162811791383213,C7,C:7
chord,24.60408163265306,2.200000000000003,F-6,F:min6
chord,27.03265306122449,1.3265306122448983,Dm7b5,D:hdim7
chord,28.551020408163264,1.4040816326530638,G7,G:7
chord,30.278820861678003,0.0,C6,C:maj6
chord,33.66530612244898,1.2489795918367292,Bb-7,Bb:min7
chord,35.24081632653061,1.5591836734693842,Eb7,Eb:7
chord,36.93061224489796,2.8367346938775526,Abj7,Ab:maj7
chord,40.21632653061224,1.493877551020411,Dm7b5,D:hdim7
chord,41.86938775510204,1.5061224489795961,G7,G:7
chord,43.56734693877551,1.057142857142857,C-7,C:min7
chord,45.90204081632653,0.8687528344671165,Am7b5,A:hdim7
chord,46.93061224489796,1.563265306122453,Dm7b5,D:hdim7
chord,49.88979591836735,0.17959183673469425,G7,G:7
chord,50.3469387755102,0.8816326530612244,C6,C:maj6
key,2.979591836734694,48.99591836734694,C-maj,C:major
