type,time,duration,original,converted
chord,4.588843537414966,184.39256235827665,NC,N
key,4.588843537414966,184.48544217687075,,N
