type,time,duration,original,converted
chord,5.106122448979592,62.83265306122449,NC,N
key,5.106122448979592,63.73877551020408,,N
