type,time,duration,original,converted
chord,5.9878458049886625,0.1697959183673463,Fj7,F:maj7
chord,6.4885260770975055,1.2625850340136058,Em7b5,E:hdim7
chord,9.523083900226757,2.4116099773242627,D-7,D:min7
chord,12.30077097505669,1.1278004535147392,C-7,C:min7
chord,13.746938775510204,1.0383673469387755,Bb7,Bb:7
chord,14.959183673469388,1.3744897959183664,Bbj7,Bb:maj7
chord,16.581632653061224,1.014285714285716,Eb7911#,Eb:9(#11)
chord,17.918367346938776,1.0755555555555532,Fj7,F:maj7
chord,19.172448979591838,1.0214285714285687,D-7,D:min7
chord,20.5815873015873,2.649024943310657,G7,G:7
chord,23.586734693877553,0.8232426303854865,G-7,G:min7
chord,25.174784580498866,0.0,C7,C:7
chord,26.24591836734694,2.6629251700680285,Fj7,F:maj7
chord,29.22231292517007,1.1435827664399092,Em7b5,E:hdim7
chord,30.470385487528343,1.2625850340136076,A7,A:7
chord,31.89551020408163,2.632562358276644,D-7,D:min7
chord,34.68190476190476,0.5848526077097489,C-7,C:min7
key,5.9878458049886625,29.750566893424033,F-maj,F:major
