type,time,duration,original,converted
chord,4.675918367346939,161.22195011337868,NC,N
key,4.675918367346939,161.50349206349205,,N
