type,time,duration,original,converted
chord,4.622222222222222,0.43247165532879883,Bb7,Bb:7
chord,6.195374149659864,1.1087074829931973,Eb7,Eb:7
chord,9.054331065759637,1.4236734693877544,Bb7,Bb:7
chord,10.874195011337868,2.8052607709750568,Eb7,Eb:7
chord,13.83328798185941,1.0521541950113384,Bb7,Bb:7
chord,15.841814058956917,0.25977324263038426,D-7,D:min7
chord,16.235102040816326,0.6196825396825396,G7,G:7
chord,17.071020408163264,0.2234920634920634,C-7,C:min7
chord,18.597732426303853,1.4686621315192774,F7,F:7
chord,20.461133786848073,0.9491156462585018,Bb7,Bb:7
chord,21.812244897959182,1.2219501133786856,F7,F:7
chord,23.39845804988662,1.5034920634920645,Bb7,Bb:7
chord,25.451972789115647,1.0187755102040796,Eb7,Eb:7
chord,26.68408163265306,3.02875283446712,Bb7,Bb:7
chord,29.901496598639454,3.0185941043083915,Eb7,Eb:7
chord,33.03619047619048,1.4744671201814086,Bb7,Bb:7
chord,35.63972789115646,0.0,G7,G:7
chord,36.62947845804989,1.0231292517006807,C-7,C:min7
chord,38.24907029478458,1.021678004535147,F7,F:7
chord,39.469569160997736,1.4265759637188182,Bb7,Bb:7
chord,41.06884353741496,1.0637641723356026,F7,F:7
key,4.622222222222222,38.019773242630386,Bb-maj,Bb:major
