type,time,duration,original,converted
chord,3.0693877551020408,0.5761451247165534,NC,N
chord,3.924172335600907,137.0209523809524,F#-,F#:min
key,3.0693877551020408,138.0107029478458,F#-chrom,F#:chromatic
