type,time,duration,original,converted
chord,2.4081632653061225,25.96371882086168,D-7,D:min7
chord,29.379591836734694,11.72263038548753,Eb-7,Eb:min7
chord,42.66086167800454,39.54117913832199,D-7,D:min7
chord,83.60204081632654,12.20204081632653,Eb-7,Eb:min7
chord,96.15102040816326,13.593877551020412,D-7,D:min7
key,2.4081632653061225,107.4711111111111,D-maj,D:major
