type,time,duration,original,converted
chord,4.423401360544218,1.211292517006803,NC,N
chord,5.920408163265306,8.024489795918367,G-,G:min
chord,14.422448979591836,3.349523809523811,C-7,C:min7
chord,18.143492063492065,3.709569160997731,G-,G:min
chord,22.116326530612245,1.5938775510204088,Eb7,Eb:7
chord,24.487755102040815,1.287755102040819,D7,D:7
chord,26.016326530612243,11.818367346938775,G-,G:min
chord,38.06122448979592,3.689795918367345,C-7,C:min7
chord,41.875510204081635,3.891020408163264,G-,G:min
chord,46.159183673469386,1.642857142857146,Eb7,Eb:7
chord,47.94489795918367,1.7346938775510239,D7,D:7
chord,49.789795918367346,11.641496598639456,G-,G:min
chord,61.794104308390025,3.6528344671201793,C-7,C:min7
chord,65.56938775510204,3.7204081632653043,G-,G:min
chord,69.37346938775511,1.8673469387754977,Eb7,Eb:7
chord,71.37346938775511,1.8265306122448948,D7,D:7
chord,73.3265306122449,4.218367346938777,G-,G:min
key,4.423401360544218,73.47863945578231,G-min,G:minor
