type,time,duration,original,converted
chord,2.9683673469387757,1.1996145124716553,Cj7,C:maj7
chord,4.828571428571428,0.6494784580498871,E-7,E:min7
chord,6.109750566893424,0.397641723356009,A7,A:7
chord,7.209795918367347,0.10739229024943242,D-,D:min
chord,7.514557823129252,0.8214058956916102,G7,G:7
chord,9.070657596371882,0.24054421768707535,Cj7,C:maj7
chord,9.477551020408164,0.7312471655328796,G7,G:7
chord,10.3481179138322,1.7702494331065761,Cj7,C:maj7
chord,12.277551020408163,0.7836734693877556,E-7,E:min7
chord,13.229591836734693,0.4266439909297066,A7,A:7
chord,14.111927437641723,1.7502040816326527,D-7,D:min7
chord,16.007256235827665,1.8549886621315181,G7,G:7
chord,18.077551020408162,2.8146031746031746,C7,C:7
chord,21.945918367346938,1.301609977324265,F7,F:7
chord,23.90612244897959,1.4595011337868478,Bb7,Bb:7
chord,25.508163265306123,1.6504761904761907,Cj7,C:maj7
chord,27.59591836734694,0.4959183673469383,E-7,E:min7
chord,28.366031746031744,0.6400907029478482,A7,A:7
chord,29.29591836734694,0.6102040816326522,D-7,D:min7
chord,30.218367346938777,0.47142857142857153,G7,G:7
chord,31.15392290249433,3.7108390022675763,Cj7,C:maj7
chord,35.15065759637188,0.3962811791383274,E-7,E:min7
chord,36.21006802721089,0.4674829931972724,A7,A:7
chord,36.89795918367347,0.44489795918367037,D-,D:min
chord,37.96530612244898,0.5387755102040828,G7,G:7
chord,38.7469387755102,0.38956916099773764,Cj7,C:maj7
chord,40.044263038548756,0.4622222222222163,G7,G:7
chord,40.69387755102041,1.5295918367346957,Cj7,C:maj7
chord,42.56507936507936,0.7818594104308403,E-7,E:min7
chord,43.52448979591837,0.6355102040816263,A7,A:7
chord,44.43469387755102,1.6830385487528332,D-7,D:min7
chord,46.26866213151927,1.731337868480729,G7,G:7
chord,48.769886621315194,3.128072562358277,C7,C:7
chord,52.10612244897959,1.5530612244897952,F7,F:7
chord,53.86303854875283,1.2567800453514764,Bb7,Bb:7
chord,55.94795918367347,1.4887755102040856,Cj7,C:maj7
chord,57.57315192743764,0.23800453514738962,E-7,E:min7
chord,58.77142857142857,0.4755102040816297,A7,A:7
chord,59.44489795918367,0.6367346938775569,D-7,D:min7
chord,60.39387755102041,0.7612244897959144,G7,G:7
key,2.9683673469387757,60.01938775510204,C-maj,C:major
