type,time,duration,original,converted
chord,0.04693877551020408,6.203582766439909,NC,N
chord,6.3854875283446715,2.8125170068027208,Fj7,F:maj7
chord,11.126530612244897,0.9295918367346943,A7,A:7
chord,12.198979591836734,2.731632653061226,D-7,D:min7
chord,15.461224489795919,0.8891156462585013,C-7,C:min7
chord,16.516462585034013,1.2990476190476201,F7,F:7
chord,18.288775510204083,0.893877551020406,Bbj7,Bb:maj7
chord,19.346938775510203,1.2839909297052152,Eb7911#,Eb:9(#11)
chord,20.825396825396826,1.2741950113378664,Fj7,F:maj7
chord,22.215691609977323,0.9563718820861702,D-7,D:min7
chord,23.629591836734694,2.4426530612244903,G7,G:7
chord,26.40108843537415,0.6066213151927435,G-7,G:min7
chord,29.179591836734694,0.0,C7,C:7
chord,29.30938775510204,2.7660770975056685,Fj7,F:maj7
chord,32.690068027210884,0.7756916099773221,Em7b5,E:hdim7
chord,33.58766439909297,0.7296825396825355,A7,A:7
chord,35.34795918367347,2.4555782312925203,D-7,D:min7
chord,39.88607709750567,0.4825396825396808,F7,F:7
chord,40.74666666666667,1.09925170068027,Bbj7,Bb:maj7
chord,42.17034013605442,1.3265986394557814,Eb7911#,Eb:9(#11)
chord,43.82551020408163,1.090589569160997,Fj7,F:maj7
chord,45.310113378684804,0.3287074829932024,Bm7b5,B:hdim7
chord,46.35283446712018,0.0,E7,E:7
chord,46.69242630385487,0.357006802721088,Fj7,F:maj7
chord,47.22551020408163,0.5438775510204081,Bb7,Bb:7
chord,47.91727891156462,0.5456689342403678,A-7,A:min7
chord,48.62548752834467,0.5688888888888926,D7,D:7
chord,49.34897959183674,0.5768253968253916,G-7,G:min7
chord,50.05816326530612,0.25657596371882363,C7,C:7
chord,50.7675283446712,0.0,Fj7,F:maj7
chord,51.818231292517005,0.0,C7,C:7
chord,52.17233560090703,4.080907029478453,NC,N
key,0.04693877551020408,56.72294784580499,F-maj,F:major
