type,time,duration,original,converted
chord,4.818140589569161,0.5398639455782313,F7,F:7
chord,5.5902040816326535,1.7995464852607705,Bb7,Bb:7
chord,7.627755102040816,3.9241723356009066,F7,F:7
chord,11.824761904761905,3.991564625850339,Bb7,Bb:7
chord,15.995918367346938,3.910204081632653,F7,F:7
chord,20.110204081632652,1.4163265306122454,G-7,G:min7
chord,23.53061224489796,0.5252607709750556,C7,C:7
chord,24.46938775510204,0.0,F7,F:7
chord,25.33469387755102,0.18775510204081414,D-7,D:min7
chord,26.86530612244898,0.0,G-7,G:min7
chord,28.31673469387755,1.9824036281179147,F7,F:7
chord,30.479092970521542,1.869206349206351,Bb7,Bb:7
chord,32.43827664399093,3.9009523809523756,F7,F:7
chord,36.59755102040816,4.037369614512471,Bb7,Bb:7
chord,40.81197278911564,3.363990929705217,F7,F:7
chord,44.93931972789115,0.9752380952380975,G-7,G:min7
chord,47.220680272108844,1.7008616780045358,C7,C:7
chord,49.31047619047619,0.6574149659863977,F7,F:7
chord,50.04916099773243,0.9563718820861666,D-7,D:min7
chord,51.102766439909296,0.8373696145124754,G-7,G:min7
chord,52.154920634920636,0.539863945578233,C7,C:7
key,4.818140589569161,48.46004535147392,F-maj,F:major
