type,time,duration,original,converted
chord,5.0653061224489795,0.9755102040816324,C7,C:7
chord,6.288979591836735,1.240816326530612,F7,F:7
chord,8.251428571428571,3.8204081632653075,C7,C:7
chord,12.186122448979592,3.8008163265306116,F7,F:7
chord,17.240816326530613,0.7575510204081617,C7,C:7
chord,18.279183673469387,0.6889795918367341,E-7,E:min7
chord,19.213061224489795,0.274285714285714,A7,A:7
chord,20.218775510204082,1.3061224489795897,D-7,D:min7
chord,24.20408163265306,1.5722448979591839,C7,C:7
chord,26.228571428571428,0.514285714285716,D-7,D:min7
chord,27.208163265306123,0.5567346938775515,G7,G:7
chord,28.273469387755103,0.8432653061224471,C7,C:7
chord,31.32081632653061,0.6987755102040794,F7,F:7
chord,32.29387755102041,3.7126530612244864,C7,C:7
chord,36.80326530612245,2.478367346938775,F7,F:7
chord,40.40816326530612,1.071020408163264,C7,C:7
chord,44.35918367346939,1.7142857142857153,D-7,D:min7
chord,46.23673469387755,1.6130612244897975,G7,G:7
chord,48.61387755102041,1.3044897959183643,C7,C:7
chord,50.66938775510204,0.1746938775510145,D-,D:min
chord,51.08163265306123,2.0040816326530617,C7,C:7
key,5.0653061224489795,48.330612244897964,C-maj,C:major
