type,time,duration,original,converted
chord,5.461224489795918,138.8061224489796,NC,N
key,5.461224489795918,138.9,,N
