type,time,duration,original,converted
chord,14.535691609977324,171.4445351473923,F79#,F:7(#9)
key,14.535691609977324,171.9437641723356,F-maj,F:major
