type,time,duration,original,converted
chord,3.388662131519274,14.541950113378684,NC,N
key,3.388662131519274,14.803174603174602,,N
