type,time,duration,original,converted
chord,5.445079365079365,0.0,NC,N
chord,5.555374149659864,1.6282993197278914,Bb,Bb:maj
chord,7.279591836734694,1.5236734693877558,Bb7,Bb:7
chord,8.916462585034013,1.4447619047619042,Eb,Eb:maj
chord,10.595918367346938,1.5612244897959187,Bb,Bb:maj
chord,12.285714285714286,0.6594104308390012,F7,F:7
chord,13.145396825396825,0.3308843537414976,C-6,C:min6
chord,13.581632653061224,0.3213151927437643,D7,D:7
chord,14.010340136054422,0.8345578231292521,G-,G:min
chord,15.194557823129252,0.0,Bb-6,Bb:min6
chord,15.847619047619048,0.6559637188208605,F,F:maj
chord,16.608072562358277,0.3337868480725632,C7,C:7
chord,17.57750566893424,1.5731519274376424,F7,F:7
chord,19.46702947845805,1.3931972789115648,Bb,Bb:maj
chord,20.970521541950113,1.3322448979591854,Bb7,Bb:7
chord,22.636553287981858,1.4425396825396852,Eb,Eb:maj
chord,24.296780045351476,1.1784126984126964,D7,D:7
chord,25.75673469387755,0.0,G7,G:7
chord,26.22403628117914,0.6037188208616762,C7,C:7
chord,27.039637188208616,0.42376417233560204,F7,F:7
chord,27.707210884353742,1.6573242630385465,Bb,Bb:maj
chord,29.50095238095238,1.3873922902494336,F7,F:7
chord,31.184399092970523,0.33088435374149583,Bb,Bb:maj
key,5.445079365079365,26.328526077097507,Bb-maj,Bb:major
