type,time,duration,original,converted
chord,3.320453514739229,0.12852607709750563,NC,N
chord,6.673469387755102,0.14693877551020407,F7,F:7
chord,6.9543764172335605,1.872108843537414,Bb7,Bb:7
chord,9.676916099773242,2.6035374149659862,F7,F:7
chord,12.82031746031746,3.422040816326531,Bb7,Bb:7
chord,16.744489795918366,1.5296145124716567,F7,F:7
chord,18.796553287981858,0.4673015873015878,A-7,A:min7
chord,19.777596371882087,0.8272108843537396,D7,D:7
chord,21.098231292517006,1.117460317460317,G-7,G:min7
chord,22.75845804988662,1.56154195011338,C7,C:7
chord,24.706031746031748,0.36861678004535037,F7,F:7
chord,27.138321995464853,0.2902494331065739,G-7,G:min7
chord,27.623038548752834,0.8545124716553296,C7,C:7
chord,28.653061224489797,0.9469387755102048,F7,F:7
chord,30.587755102040816,1.942857142857143,Bb7,Bb:7
chord,32.59591836734694,3.787755102040812,F7,F:7
chord,36.775510204081634,3.1755102040816325,Bb7,Bb:7
chord,40.46122448979592,1.4571428571428555,F7,F:7
chord,42.477551020408164,0.775510204081634,A-7,A:min7
chord,43.522448979591836,0.6857142857142833,D7,D:7
chord,44.391836734693875,1.9142857142857181,G-7,G:min7
chord,46.42857142857143,1.7020408163265301,C7,C:7
chord,48.30204081632653,0.8938775510204096,F7,F:7
chord,49.310204081632655,0.6081632653061178,D7,D:7
chord,50.26122448979592,0.661224489795913,G-7,G:min7
chord,51.26938775510204,0.49224489795918913,C7,C:7
key,3.320453514739229,49.40045351473923,F-maj,F:major
