type,time,duration,original,converted
chord,2.2755555555555556,26.24689342403628,D-,D:min
chord,31.25501133786848,13.30199546485261,Eb-,Eb:min
chord,44.771791383219956,41.27555555555555,D-,D:min
chord,87.19049886621315,12.943492063492073,Eb-,Eb:min
chord,101.15,12.923832199546482,D-,D:min
key,2.2755555555555556,112.11174603174604,D-maj,D:major
