type,time,duration,original,converted
chord,5.648979591836735,27.895147392290248,NC,N
chord,33.74149659863946,168.54784580498867,Fsus,F:sus4
key,5.648979591836735,196.89868480725625,C-min,C:minor
