type,time,duration,original,converted
chord,4.851020408163265,0.3163265306122449,Abm7b5,Ab:hdim7
chord,5.393877551020408,0.6755102040816334,Db7,Db:7
chord,6.348979591836735,1.4122448979591828,Gb-7,Gb:min7
chord,9.661224489795918,2.8979591836734695,G7,G:7
chord,12.730612244897959,0.704081632653061,Gb-7,Gb:min7
chord,15.012244897959183,0.1122448979591848,E-7,E:min7
chord,15.26530612244898,0.5877551020408163,A7,A:7
chord,16.071428571428573,1.4591836734693864,D7,D:7
chord,17.718367346938777,1.4551020408163247,Db7,Db:7
chord,19.344897959183672,0.3387755102040835,Gb-7,Gb:min7
chord,21.602040816326532,0.7836734693877538,Db7,Db:7
chord,24.855102040816327,0.0,Abm7b5,Ab:hdim7
chord,24.99795918367347,0.6938775510204067,Db7,Db:7
chord,28.120408163265306,0.8938775510204096,Gb-7,Gb:min7
chord,31.467392290249432,0.8214058956916084,G7,G:7
chord,32.476009070294786,1.4222222222222172,Gb-7,Gb:min7
chord,34.09705215419501,0.6341950113378658,E-7,E:min7
chord,34.93297052154195,0.647256235827669,A7,A:7
chord,35.70793650793651,1.4715646258503412,D7,D:7
chord,39.23446712018141,1.2611337868480703,Gb-7,Gb:min7
chord,41.04562358276644,0.8591383219954665,Db7,Db:7
chord,42.21836734693878,0.0,Gb-7,Gb:min7
key,4.851020408163265,38.55714285714286,F#-min,F#:minor
