type,time,duration,original,converted
chord,4.745578231292517,173.80775510204083,Bb-,Bb:min
key,4.745578231292517,174.0039455782313,Bb-min,Bb:minor
