type,time,duration,original,converted
chord,6.3854875283446715,68.3740589569161,NC,N
key,6.3854875283446715,68.86458049886622,,N
