type,time,duration,original,converted
chord,5.090975056689342,0.0,G7,G:7
chord,5.2477097505668935,4.061473922902494,F-7,F:min7
chord,9.477551020408164,1.2877551020408156,Bb-7,Bb:min7
chord,10.91482993197279,1.3443537414965974,Eb7,Eb:7
chord,12.478571428571428,1.2212018140589578,Abj7,Ab:maj7
chord,13.831836734693878,1.295963718820861,Dbj7,Db:maj7
chord,15.328072562358276,1.2930612244897972,G7,G:7
chord,16.740136054421768,2.739455782312927,Cj7,C:maj7
chord,19.64625850340136,1.32281179138322,C-7,C:min7
chord,21.1265306122449,1.1167346938775502,F-7,F:min7
chord,22.571972789115645,1.1102040816326557,Bb7,Bb:7
chord,24.015963718820863,1.2789342403628083,Ebj7,Eb:maj7
chord,25.480997732426303,1.2751247165532895,Abj7,Ab:maj7
chord,26.946938775510205,0.5265306122448976,A-7,A:min7
chord,27.68673469387755,0.5540816326530624,D7,D:7
chord,28.403061224489797,2.7091836734693864,Gj7,G:maj7
chord,31.25,1.272448979591836,A-7,A:min7
chord,32.724489795918366,1.2836734693877574,D79#,D:7(#9)
chord,34.18775510204082,2.801632653061226,Gj7,G:maj7
chord,37.58077097505669,0.6906575963718851,F#-7,F#:min7
chord,38.525510204081634,1.2061224489795919,B7,B:7
chord,39.909183673469386,1.2061224489795919,Ej7,E:maj7
chord,41.30204081632653,0.8944217687074811,C+7,C:aug(b7)
chord,42.906122448979595,0.8547845804988654,F-7,F:min7
chord,44.35519274376417,1.061587301587302,Bb-7,Bb:min7
chord,45.59165532879818,1.262585034013611,Eb7,Eb:7
chord,47.024036281179136,1.413718820861682,Abj7,Ab:maj7
chord,48.63979591836735,1.0540816326530589,Dbj7,Db:maj7
chord,49.86734693877551,1.322448979591833,Db-7,Db:min7
chord,51.30510204081633,1.386054421768705,C-7,C:min7
chord,52.919002267573696,1.097142857142856,Bo,B:dim
chord,54.160544217687075,1.0608616780045352,Bb-7,Bb:min7
chord,55.63573696145125,1.3931972789115576,Eb7,Eb:7
chord,57.228480725623584,1.1254421768707488,Abj7,Ab:maj7
chord,58.455510204081634,0.5587301587301567,G7,G:7
chord,59.17895691609977,0.5137414965986409,C7,C:7
chord,59.866848072562355,0.0,F-7,F:min7
key,5.090975056689342,55.07773242630385,Ab-maj,Ab:major
