type,time,duration,original,converted
chord,9.83469387755102,2.2629024943310654,G-7,G:min7
chord,14.605351473922903,2.426485260770976,F-7,F:min7
chord,17.542675736961453,0.5108390022675735,Ebj7,Eb:maj7
chord,23.394104308390023,3.33206349206349,A79b13,A:9(1b13)
chord,26.9815873015873,0.0,Gbj7,Gb:maj7
chord,32.55727891156462,3.4753741496598636,Fsus79,"F:sus4(b7,9)"
chord,36.26938775510204,4.432653061224492,Eb-7,Eb:min7
chord,41.03673469387755,4.540816326530617,Bbsus79,"Bb:sus4(b7,9)"
chord,46.09795918367347,4.432653061224492,Bb7,Bb:7
chord,54.8734693877551,0.281632653061223,Ebj7,Eb:maj7
chord,55.559183673469384,4.171428571428578,Ej7/D#,E:maj7/7
chord,60.114285714285714,4.277551020408168,Ebj7911#,Eb:maj9(#11)
chord,64.93877551020408,4.384399092970526,Ej7911#,E:maj9(#11)
chord,69.76326530612245,4.609523809523807,Bj7,B:maj7
chord,74.49183673469388,4.281632653061223,Bbsus79,"Bb:sus4(b7,9)"
chord,79.23374149659864,4.186666666666667,Ab-7,Ab:min7
chord,83.98367346938775,4.008163265306123,Ebsus79,"Eb:sus4(b7,9)"
chord,88.48163265306123,3.1510204081632622,D+79#,"D:aug(9,7)"
chord,93.2734693877551,4.342857142857142,G-7,G:min7
chord,98.00997732426303,0.32471655328798477,F-7,F:min7
chord,102.5469387755102,4.3591836734693885,Ebj7,Eb:maj7
chord,107.5287074829932,4.324716553287985,A79b13,A:9(1b13)
chord,112.4734693877551,4.122448979591837,Gbj7,Gb:maj7
chord,117.0204081632653,3.8938775510204096,Fsus79,"F:sus4(b7,9)"
chord,121.3061224489796,4.1752380952381,Eb-7,Eb:min7
chord,125.63809523809523,8.263945578231287,Bbsus79,"Bb:sus4(b7,9)"
chord,134.26938775510203,0.0,G-7,G:min7
key,9.83469387755102,126.72857142857143,Eb-chrom,Eb:chromatic
