type,time,duration,original,converted
chord,4.757142857142857,117.52448979591837,NC,N
key,4.757142857142857,117.61224489795919,,N
