type,time,duration,original,converted
chord,2.3858503401360545,1.2234013605442176,NC,N
chord,6.761360544217687,5.435646258503401,Gsus,G:sus4
chord,12.322539682539682,0.3323356009070295,Ab,Ab:maj
chord,13.110204081632654,0.10612244897959044,Db,Db:maj
chord,14.916326530612245,0.7673469387755105,Ab,Ab:maj
chord,16.00204081632653,0.0,Db,Db:maj
chord,16.251020408163264,0.2469387755102055,Ab,Ab:maj
chord,18.512244897959185,0.3122448979591823,Db,Db:maj
chord,18.908163265306122,0.30816326530612415,Csus,C:sus4
chord,19.331632653061224,25.048956916099772,Gsus,G:sus4
chord,44.49668934240363,10.225759637188212,Ab,Ab:maj
chord,54.827551020408166,13.65306122448979,Gsus,G:sus4
chord,68.60918367346939,9.366326530612241,Ab,Ab:maj
chord,84.67551020408163,14.359183673469389,Gsus,G:sus4
chord,99.22448979591837,9.1111111111111,Ab,Ab:maj
key,2.3858503401360545,106.0687528344671,,N
