type,time,duration,original,converted
chord,0.9346938775510204,2.357142857142857,NC,N
chord,3.5428571428571427,36.80816326530612,G-j7,G:minmaj7
chord,40.50612244897959,2.299863945578231,Eb7,Eb:7
chord,42.9859410430839,0.0,Ab-6/Eb,Ab:min6/5
chord,45.82312925170068,1.6007256235827683,Eb7,Eb:7
chord,47.62195011337869,2.1246258503401307,Ab-6/Eb,Ab:min6/5
chord,49.986757369614516,1.3220861678004496,Eb7,Eb:7
chord,52.46530612244898,1.6531519274376407,Ab-6/Eb,Ab:min6/5
chord,54.62784580498866,1.9792970521541946,Eb7,Eb:7
chord,56.875510204081635,0.23367346938775313,Ab-6/Eb,Ab:min6/5
chord,59.24934240362812,1.1669841269841257,Eb7,Eb:7
chord,61.438548752834464,1.4267573696145135,Ab-6/Eb,Ab:min6/5
chord,64.44591836734693,1.3622448979591866,Eb7,Eb:7
chord,66.03102040816327,2.0240816326530506,Ab-6/Eb,Ab:min6/5
chord,68.17959183673469,1.8895238095238227,Eb7,Eb:7
chord,70.54512471655329,1.7734240362811846,Ab-6/Eb,Ab:min6/5
chord,72.77714285714286,2.136235827664393,Eb7,Eb:7
chord,75.11326530612244,2.0074603174603283,Ab-6/Eb,Ab:min6/5
chord,78.69532879818594,34.69140589569162,G-j7,G:minmaj7
chord,113.61233560090703,1.9954648526077108,Eb7,Eb:7
chord,115.70938775510204,0.36408163265305404,Ab-6/Eb,Ab:min6/5
chord,118.22857142857143,1.933242630385493,Eb7,Eb:7
chord,120.38367346938776,1.8519727891156492,Ab-6/Eb,Ab:min6/5
chord,122.41777777777777,2.0716553287981867,Eb7,Eb:7
chord,126.01224489795918,0.6257596371882101,Ab-6/Eb,Ab:min6/5
chord,126.77297052154195,2.2372335600907007,Eb7,Eb:7
chord,129.11326530612246,1.8226077097505708,Ab-6/Eb,Ab:min6/5
chord,131.23773242630386,2.1754195011337742,Db7911#,Db:9(#11)
chord,133.62648526077098,2.028616780045354,C-7,C:min7
chord,135.94489795918366,1.8479591836734812,B+7,B:aug(b7)
chord,137.91836734693877,2.094331065759661,Eb/Bb,Eb:maj/5
chord,140.27959183673468,1.7428571428571615,Am7b5,A:hdim7
chord,142.36444444444444,1.9069841269841277,D79#,D:7(#9)
chord,144.54591836734693,19.421428571428578,G-j7,G:minmaj7
chord,164.18367346938774,0.12244897959183731,NC,N
key,0.9346938775510204,163.59591836734694,G-min,G:minor
