type,time,duration,original,converted
chord,7.3795918367346935,0.0,NC,N
chord,7.591836734693878,3.559546485260771,A-79,A:min9
chord,11.461950113378684,3.48154195011338,G#o7,G#:dim7
chord,15.311224489795919,3.2792517006802733,G-6,G:min6
chord,18.976507936507936,2.616598639455784,D7/F#,D:7/3
chord,23.18512471655329,3.0148752834467096,Fj7,F:maj7
chord,26.46938775510204,3.351020408163265,Bbj7,Bb:maj7
chord,30.073469387755104,0.0,Bm7b5,B:hdim7
chord,33.02040816326531,0.506122448979589,E79b,E:7(b9)
chord,33.82448979591837,0.6816326530612216,A-7,A:min7
chord,37.32244897959184,0.0,Ab7913,Ab:9(113)
chord,37.53469387755102,2.2734693877550995,G-7,G:min7
chord,41.50566893424036,2.2290249433106624,F#o7,F#:dim7
chord,46.23963718820862,0.6021995464852594,Fj7,F:maj7
chord,46.95219954648526,0.6748299319727877,Bm7b5,B:hdim7
chord,48.60444444444445,0.0,E7,E:7
chord,48.85913832199547,0.3236281179138274,A-7,A:min7
chord,51.79936507936508,0.7256235827664383,Ab7,Ab:7
chord,52.654875283446714,1.6900226757369623,G-79,G:min9
chord,54.40408163265306,0.7346938775510239,C7,C:7
chord,56.473832199546486,1.375147392290252,F#-7,F#:min7
chord,58.1166439909297,1.4164172335600966,B79b,B:7(b9)
chord,61.08517006802721,0.7118367346938754,Fj7,F:maj7
chord,61.9969387755102,1.5591836734693914,E7,E:7
chord,63.75612244897959,3.53163265306123,A-7,A:min7
chord,67.48299319727892,0.0,NC,N
key,7.3795918367346935,61.17732426303856,A-min,A:minor
