type,time,duration,original,converted
chord,4.812335600907029,0.7894784580498868,Aj7,A:maj7
chord,6.426122448979592,1.480272108843538,D7911#,D:9(#11)
chord,8.196643990929704,1.8692063492063493,Aj7,A:maj7
chord,12.161451247165532,1.7124716553287982,Dbj7,Db:maj7
chord,13.94358276643991,1.8111564625850338,Gb7911#,Gb:9(#11)
chord,15.876643990929706,1.4860770975056692,Dbj7,Db:maj7
chord,17.949024943310658,0.0,Gb7911#,Gb:9(#11)
chord,19.806621315192743,1.3467573696145116,Bj7,B:maj7
chord,21.658412698412697,1.631201814058958,E7911#,E:9(#11)
chord,24.450612244897957,0.8243083900226758,Bj7,B:maj7
chord,25.391020408163264,1.793741496598642,E7911#,E:9(#11)
chord,27.219591836734693,1.8459863945578228,Ebj7,Eb:maj7
chord,29.175510204081633,1.7070294784580504,Gbj7,Gb:maj7
chord,30.958004535147392,1.7298866213151918,Aj7,A:maj7
chord,32.82721088435374,0.9299319727891202,B-7,B:min7
chord,33.820408163265306,0.16199546485260896,E7,E:7
chord,35.84,2.7283446712018105,A-79,A:min9
chord,38.684444444444445,3.6687528344671207,G-79,G:min9
chord,42.53895691609977,1.985306122448982,A-79,A:min9
chord,46.259954648526076,3.6165079365079364,F-79,F:min9
chord,49.99256235827664,1.8169614512471668,F-7,F:min7
chord,51.890793650793654,1.7066666666666634,Bb7,Bb:7
chord,54.84553287981859,0.6849886621315235,G-7,G:min7
chord,55.72789115646258,1.851791383219954,C79b,C:7(b9)
chord,57.67256235827664,1.8982312925170106,A-7,A:min7
chord,59.73913832199546,0.8939682539682536,D79b,D:7(b9)
chord,61.619954648526075,0.8068934240362822,G-7,G:min7
chord,62.57959183673469,0.7934693877551027,C7,C:7
chord,63.51238095238095,0.8243083900226793,F-7,F:min7
chord,64.44698412698413,0.8417233560090693,E7,E:7
chord,65.3815873015873,0.1367800453514718,A-79,A:min9
key,4.812335600907029,62.852970521541955,A-min,A:minor
