type,time,duration,original,converted
chord,5.61922902494331,0.0,D-7,D:min7
chord,5.67437641723356,0.5079365079365079,G7,G:7
chord,6.257777777777778,1.076825396825397,C6,C:maj6
chord,7.465215419501134,0.41795918367346907,F-7,F:min7
chord,8.13859410430839,0.2989569160997725,Bb7,Bb:7
chord,8.571065759637188,0.47020408163265337,C7,C:7
chord,9.189297052154195,0.4034467120181393,Bb7,Bb:7
chord,9.758185941043084,0.9375056689342394,A7,A:7
chord,10.829206349206348,0.6182312925170077,D7,D:7
chord,13.16281179138322,0.43247165532879883,E-7,E:min7
chord,13.708480725623582,0.48471655328798313,A7,A:7
chord,14.31219954648526,0.458594104308391,D-7,D:min7
chord,14.866575963718821,0.47020408163265337,G7,G:7
chord,16.46875283446712,0.0,C6,C:maj6
chord,16.602267573696146,0.43827664399092825,F-7,F:min7
chord,17.191473922902496,0.42666666666666586,Bb7,Bb:7
chord,17.77777777777778,0.42956916099773323,C7,C:7
chord,18.326349206349207,0.4760090702947828,Bb7,Bb:7
chord,18.903945578231294,0.9113832199546472,A7,A:7
chord,20.033015873015874,1.0042630385487534,D7,D:7
chord,21.176598639455783,1.0245804988662144,G7,G:7
chord,22.33469387755102,0.21188208616779747,C6,C:maj6
chord,24.822131519274375,0.8359183673469417,E-7,E:min7
chord,25.79156462585034,0.10739229024943242,F#m7b5,F#:hdim7
chord,26.581043083900227,0.2699319727891165,B79b,B:7(b9)
chord,26.932244897959183,1.097142857142856,E-7,E:min7
chord,28.223854875283447,0.0,A7,A:7
chord,29.274557823129253,0.934603174603172,D-7,D:min7
chord,30.307845804988663,0.4992290249433111,Em7b5,E:hdim7
chord,30.92607709750567,0.5195464852607721,A7,A:7
chord,31.61106575963719,0.8736507936507927,D7,D:7
chord,32.62403628117914,0.27863945578231153,D-7,D:min7
chord,33.187120181405895,0.45569160997732183,G7,G:7
chord,33.73859410430839,1.030385487528342,C6,C:maj6
chord,34.93151927437642,0.4266666666666623,F-7,F:min7
chord,35.58748299319728,0.3657142857142901,Bb7,Bb:7
chord,36.04897959183673,0.47310657596371897,C7,C:7
chord,36.649795918367346,0.4092517006802723,Bb7,Bb:7
chord,37.2215873015873,0.7952834467120198,A7,A:7
chord,38.35356009070295,0.15092970521541815,D7,D:7
chord,39.99927437641723,0.4702040816326516,G7,G:7
chord,41.232834467120185,0.4150566893423999,C6,C:maj6
chord,41.75238095238095,0.44117913832199207,D-7,D:min7
chord,42.283537414965984,0.2525170068027265,G7,G:7
key,5.61922902494331,37.12580498866214,C-maj,C:major
