type,time,duration,original,converted
chord,5.877551020408164,1.0448979591836736,NC,N
chord,7.137233560090703,1.9620861678004538,C7,C:7
chord,9.290884353741497,1.9069387755102039,F7,F:7
chord,11.482993197278912,3.75578231292517,C7,C:7
chord,15.363265306122448,3.918004535147391,F7,F:7
chord,20.11138321995465,1.1842176870748276,C7,C:7
chord,21.597460317460317,0.2372335600907043,E-7,E:min7
chord,22.65918367346939,0.57238095238095,A7,A:7
chord,23.388299319727892,1.8912925170068,D-7,D:min7
chord,25.35909297052154,1.95918367346939,G7,G:7
chord,27.382131519274377,0.7401360544217681,C7,C:7
chord,29.9740589569161,0.10739229024943242,D-7,D:min7
chord,31.22503401360544,0.13210884353741648,G7,G:7
chord,31.60816326530612,1.8604988662131525,C7,C:7
chord,33.79954648526077,1.718276643990933,F7,F:7
chord,35.7265306122449,3.860589569160993,C7,C:7
chord,39.72353741496599,3.8516099773242587,F7,F:7
chord,43.73478458049887,1.935963718820858,C7,C:7
chord,45.804263038548754,0.838820861678002,E-7,E:min7
chord,46.834648526077096,0.772063492063495,A7,A:7
chord,48.61632653061225,1.1150113378684807,D-7,D:min7
chord,49.870657596371885,1.8436281179138305,G7,G:7
chord,51.96916099773242,0.5553287981859469,C7,C:7
chord,52.81668934240363,0.0,A7,A:7
chord,54.15473922902494,0.5659863945578252,D-7,D:min7
chord,54.99646258503402,0.664671201814059,A7,A:7
chord,55.82077097505669,0.37151927437641774,C7,C:7
key,5.877551020408164,51.02294784580499,C-maj,C:major
