type,time,duration,original,converted
chord,2.995374149659864,0.0,D-7,D:min7
chord,3.221768707482993,0.12190476190476218,D#o,D#:dim
chord,3.564263038548753,1.4454421768707482,E-7,E:min7
chord,5.154829931972789,2.5541950113378684,A7,A:7
chord,7.912199546485261,1.1203628117913835,D-7,D:min7
chord,9.200907029478458,1.1435827664399092,G7,G:7
chord,10.524444444444445,1.1493877551020404,C,C:maj
chord,11.865396825396825,0.9868480725623581,G7,G:7
chord,13.055419501133787,0.26702947845804914,Cj7,C:maj7
chord,13.548843537414966,0.09868480725623563,D-7,D:min7
chord,14.512471655328799,1.1145578231292514,E-7,E:min7
chord,15.806984126984126,2.461315192743765,A7,A:7
chord,18.42503401360544,0.9752380952380975,D-7,D:min7
chord,19.626666666666665,1.2306575963718842,G7,G:7
chord,21.0140589569161,1.0100680272108846,C,C:maj
chord,22.215691609977323,1.1261678004535156,C7,C:7
chord,23.492789115646257,0.48181405895691753,F,F:maj
chord,24.87437641723356,1.0448979591836753,F-,F:min
chord,26.087619047619047,0.6675736961451264,E-7,E:min7
chord,26.82485260770975,0.42956916099773323,C,C:maj
chord,27.445986394557824,1.1551927437641716,C7,C:7
chord,28.786938775510205,1.1261678004535156,F6,F:maj6
chord,30.046621315192745,0.4469841269841268,F#m7b5,F#:hdim7
chord,30.824489795918367,0.42376417233560204,B79b,B:7(b9)
chord,31.422403628117912,0.3250793650793682,E-7,E:min7
chord,31.921632653061224,0.45278911564626156,D7,D:7
chord,32.57959183673469,1.1648072562358323,D-7,D:min7
chord,33.91274376417233,0.17414965986395003,Cj7,C:maj7
chord,34.23201814058957,0.3134693877551058,D-7,D:min7
chord,34.719637188208615,0.15092970521541815,D#o,D#:dim
chord,35.056326530612246,1.3757823129251676,E-7,E:min7
chord,36.73396825396826,2.2871655328798184,A7,A:7
chord,39.17786848072562,1.1609977324263028,D-,D:min
chord,40.67755102040816,1.0661224489795984,G7,G:7
chord,41.970068027210885,1.6217687074829925,C,C:maj
chord,43.73877551020408,0.5306122448979593,G7,G:7
chord,44.42448979591837,0.0,NC,N
key,2.995374149659864,42.13115646258503,C-maj,C:major
