type,time,duration,original,converted
chord,3.111473922902494,0.13931972789115665,NC,N
chord,4.120816326530612,1.3104761904761908,Bb,Bb:maj
chord,5.7759637188208615,0.6965986394557824,Bb7,Bb:7
chord,7.3244444444444445,1.4510657596371876,Eb,Eb:maj
chord,9.139954648526077,1.3191836734693876,Bb,Bb:maj
chord,10.768526077097505,0.529433106575965,F7,F:7
chord,11.942857142857143,0.12857142857142811,D7,D:7
chord,12.259183673469387,0.0,G-,G:min
chord,13.119274376417234,0.6021541950113374,Bb-6,Bb:min6
chord,13.798458049886621,0.6153287981859403,F,F:maj
chord,14.632925170068027,0.6378231292517,C7,C:7
chord,15.485895691609977,1.6721995464852615,F7,F:7
chord,17.373015873015873,1.4453061224489794,Bb,Bb:maj
chord,19.027301587301586,1.4410884353741515,Bb7,Bb:7
chord,20.925532879818594,1.2292063492063505,Eb,Eb:maj
chord,22.620589569160998,0.6878911564625838,D7,D:7
chord,23.47972789115646,0.0,G7,G:7
chord,24.11972789115646,0.46875283446712146,C7,C:7
chord,25.18204081632653,0.3730612244897955,F7,F:7
chord,25.833650793650794,1.2770975056689338,Bb,Bb:maj
chord,27.349478458049887,1.6188662131519251,F7,F:7
chord,29.02857142857143,1.7073922902494338,Bb,Bb:maj
key,3.111473922902494,27.80154195011338,Bb-maj,Bb:major
