type,time,duration,original,converted
chord,3.422040816326531,25.61469387755102,D-7,D:min7
chord,29.16122448979592,13.206122448979592,Eb-7,Eb:min7
chord,42.5265306122449,40.4969387755102,D-7,D:min7
chord,83.14489795918368,13.176530612244889,Eb-7,Eb:min7
chord,96.68979591836735,11.67482993197278,D-7,D:min7
key,3.422040816326531,105.25315192743764,D-dor,D:dorian
