type,time,duration,original,converted
chord,6.894875283446712,78.70113378684808,NC,N
key,6.894875283446712,79.71120181405895,,N
