type,time,duration,original,converted
chord,0.6936961451247166,44.44299319727891,NC,N
key,0.6936961451247166,44.80870748299319,,N
