type,time,duration,original,converted
chord,7.053061224489796,20.018367346938778,D7,D:7
chord,27.53469387755102,113.3673469387755,G7,G:7
key,7.053061224489796,134.14285714285714,,N
