type,time,duration,original,converted
chord,3.0061224489795917,0.7380952380952381,G7,G:7
chord,4.863265306122449,0.7443537414965986,C7,C:7
chord,6.691700680272109,2.618049886621315,G7/D,G:7/5
chord,10.440816326530612,3.630612244897959,C7,C:7
chord,15.111224489795918,2.6295918367346953,G7,G:7
chord,17.889795918367348,3.2122448979591844,D7,D:7
chord,21.812244897959182,3.132517006802722,G7,G:7
key,3.0061224489795917,23.003854875283444,G-maj,G:major
