type,time,duration,original,converted
chord,4.048979591836734,99.4162358276644,NC,N
key,4.048979591836734,99.59909297052154,,N
