type,time,duration,original,converted
chord,3.0650340136054424,2.6993197278911567,Eb7,Eb:7
chord,5.915283446712018,0.5514739229024945,Bb7,Bb:7
chord,7.732244897959184,0.1219047619047613,D-7,D:min7
chord,8.457142857142857,0.0,G7,G:7
chord,9.97297052154195,0.5340589569161001,C-7,C:min7
chord,10.594104308390023,0.8263038548752828,F7,F:7
chord,12.69795918367347,0.6244897959183664,Bb7,Bb:7
chord,13.775510204081632,0.591836734693878,C-7,C:min7
chord,14.787755102040816,0.1020408163265305,F7,F:7
chord,15.93469387755102,0.7632653061224488,Bb7,Bb:7
chord,16.86938775510204,0.3142857142857167,Eb7,Eb:7
chord,18.76734693877551,2.8448979591836725,Bb7,Bb:7
chord,21.69795918367347,2.832653061224491,Eb7,Eb:7
chord,24.783673469387754,0.38367346938775526,Bb7,Bb:7
chord,27.03265306122449,0.08979591836734713,D-7,D:min7
chord,27.20408163265306,0.6775510204081634,G7,G:7
chord,28.053061224489795,1.4163265306122454,C-7,C:min7
chord,29.6,1.448979591836732,F7,F:7
chord,31.253061224489795,0.23265306122448948,Bb7,Bb:7
chord,33.06122448979592,0.42040816326530717,C-7,C:min7
chord,33.583673469387755,0.6000000000000014,F7,F:7
chord,34.326530612244895,0.0,Bb7,Bb:7
key,3.0650340136054424,31.620680272108842,Bb-maj,Bb:major
