type,time,duration,original,converted
chord,6.147482993197279,192.29741496598638,G-7,G:min7
key,6.147482993197279,192.61578231292515,F-min,F:minor
