type,time,duration,original,converted
chord,3.7224489795918365,3.2632653061224492,NC,N
chord,7.421428571428572,2.843877551020408,Gj7,G:maj7
chord,10.618367346938776,0.7826303854875274,Bb-7,Bb:min7
chord,12.537755102040816,0.8153061224489804,Eb7,Eb:7
chord,13.750566893424036,2.787845804988663,Gj7,G:maj7
chord,16.953469387755103,0.9476643990929681,B-7,B:min7
chord,18.324897959183673,1.4338321995464867,E79b,E:7(b9)
chord,20.613514739229025,0.8126984126984134,A-7,A:min7
chord,22.114285714285714,0.8255782312925177,E79b,E:7(b9)
chord,23.064671201814058,3.1216326530612264,A-7,A:min7
chord,26.273469387755103,3.057142857142857,Eb7,Eb:7
chord,29.43673469387755,1.4071428571428584,Dsus7,D:sus4(b7)
chord,31.031632653061223,1.374716553287982,D79b,D:7(b9)
chord,32.50213151927438,3.0039909297052105,Gj7,G:maj7
chord,35.62755102040816,1.4765306122449005,Bb-7,Bb:min7
chord,37.25931972789115,1.3968027210884415,Eb7,Eb:7
chord,38.844897959183676,2.851020408163265,Gj7,G:maj7
chord,42.063265306122446,1.1632653061224545,B-7,B:min7
chord,43.38979591836735,1.4459183673469411,E79b,E:7(b9)
chord,44.98571428571429,1.3367346938775526,A-7,A:min7
chord,46.49795918367347,1.4826530612244895,E79b,E:7(b9)
chord,48.13469387755102,1.4689342403628132,A-7,A:min7
chord,50.77478458049887,0.46294784580499027,C-6,C:min6
chord,51.41913832199546,0.2563718820861709,B-7,B:min7
chord,52.36734693877551,0.4438775510204067,Bbo,Bb:dim
chord,52.929591836734694,0.2644217687074857,A-7,A:min7
chord,53.95736961451247,0.3283446712018119,D7,D:7
chord,54.449342403628116,3.081269841269844,G,G:maj
chord,57.590816326530614,0.2989795918367335,Gj7,G:maj7
key,3.7224489795918365,54.32244897959183,G-maj,G:major
