type,time,duration,original,converted
chord,2.6346938775510202,0.8755102040816327,NC,N
chord,3.7387755102040816,6.457142857142857,D79#,D:7(#9)
chord,10.383673469387755,3.1591836734693874,G79#,G:7(#9)
chord,13.70204081632653,3.1387755102040806,D79#,D:7(#9)
chord,17.118367346938776,1.4816326530612258,A79#,A:7(#9)
chord,18.844897959183672,0.9959183673469383,G79#,G:7(#9)
chord,20.26530612244898,1.4530612244897974,D7,D:7
chord,22.253061224489795,1.2367346938775512,A+79#,"A:aug(9,7)"
chord,24.15918367346939,5.995918367346938,D79#,D:7(#9)
chord,30.293877551020408,3.0040816326530617,G79#,G:7(#9)
chord,33.51020408163265,3.193877551020414,D79#,D:7(#9)
chord,36.79795918367347,1.6387755102040842,A79#,A:7(#9)
chord,38.573469387755104,1.5223129251700698,G79#,G:7(#9)
chord,40.15891156462585,1.5982312925170064,D7,D:7
chord,41.85306122448979,1.3081632653061277,A+79#,"A:aug(9,7)"
chord,43.673469387755105,5.90408163265306,D79#,D:7(#9)
chord,50.326530612244895,2.838775510204087,G79#,G:7(#9)
chord,53.35918367346939,3.0877551020408163,D79#,D:7(#9)
chord,56.63265306122449,1.5734693877551038,A79#,A:7(#9)
chord,58.412244897959184,1.2734693877550995,G79#,G:7(#9)
chord,60.14489795918367,1.402040816326533,D7,D:7
chord,61.748979591836736,1.195918367346934,A+79#,"A:aug(9,7)"
chord,63.18775510204082,0.0,D79#,D:7(#9)
key,2.6346938775510202,60.881632653061224,G-min,G:minor
