type,time,duration,original,converted
chord,6.839727891156462,0.0,NC,N
chord,7.088616780045352,127.76040816326531,F-7,F:min7
key,6.839727891156462,128.11256235827665,F-min,F:minor
