type,time,duration,original,converted
chord,4.906122448979592,2.589795918367347,G-7911,G:min9(11)
chord,7.591836734693878,1.5795918367346928,C-7911,C:min9(11)
chord,9.269387755102041,1.5895691609977316,G-7911,G:min9(11)
chord,10.984489795918368,0.6216326530612246,A7,A:7
chord,11.706122448979592,0.5999999999999996,D7,D:7
chord,13.551746031746031,3.3059410430839016,G-7911,G:min9(11)
chord,18.096371882086167,1.0240362811791393,C-7911,C:min9(11)
chord,19.216326530612246,0.7775510204081613,G-7911,G:min9(11)
chord,21.191836734693876,0.3221768707483008,A7,A:7
chord,21.63954648526077,0.7619047619047628,D7,D:7
chord,22.515827664399094,4.700498866213152,G-7911,G:min9(11)
chord,27.320408163265306,1.5040816326530617,C-7911,C:min9(11)
chord,28.944897959183674,1.2125623582766423,G-7911,G:min9(11)
chord,30.80204081632653,0.30725623582766204,A7,A:7
chord,31.206122448979592,0.6551020408163275,D7,D:7
chord,32.916326530612245,3.855102040816327,G-7911,G:min9(11)
chord,36.871428571428574,1.5142857142857125,C-7911,C:min9(11)
chord,38.44498866213152,1.4937868480725598,G-7911,G:min9(11)
chord,40.05714285714286,0.22653061224490045,A7,A:7
chord,41.33297052154195,0.20172335600906877,D7,D:7
chord,41.683673469387756,4.548707482993194,G-7911,G:min9(11)
chord,46.33251700680272,1.5426757369614563,C-7911,C:min9(11)
chord,47.98045351473923,1.3693877551020393,G-7911,G:min9(11)
chord,49.45705215419501,0.776417233560089,A7,A:7
chord,50.31038548752834,0.6777324263038551,D7,D:7
chord,51.12888888888889,4.600453514739229,G-7911,G:min9(11)
chord,55.82222222222222,1.4585034013605451,C-7911,C:min9(11)
chord,57.412789115646255,1.120362811791388,G-7911,G:min9(11)
chord,59.33714285714286,0.21333333333333115,A7,A:7
chord,59.9307029478458,0.22204081632653327,D7,D:7
chord,60.535873015873015,1.544126984126983,G-7911,G:min9(11)
key,4.906122448979592,57.92448979591836,G-min,G:minor
