type,time,duration,original,converted
chord,3.709387755102041,4.022857142857143,NC,N
chord,7.993469387755102,137.49224489795918,E-7,E:min7
key,3.709387755102041,141.9110204081633,E-min,E:minor
