type,time,duration,original,converted
chord,5.546938775510204,167.12142857142857,NC,N
key,5.546938775510204,167.21632653061224,,N
