type,time,duration,original,converted
chord,3.5255102040816326,0.40612244897959204,Dm7b5,D:hdim7
chord,4.270408163265306,0.4704081632653061,G+7,G:aug(b7)
chord,4.884693877551021,1.3479591836734688,Dm7b5,D:hdim7
chord,6.343877551020408,1.3816326530612244,G+7,G:aug(b7)
chord,8.24795918367347,0.30102040816326614,Abj7,Ab:maj7
chord,8.683673469387756,0.26122448979591795,Gbj7,Gb:maj7
chord,9.843877551020409,0.28673469387755013,E-7,E:min7
chord,10.212244897959184,0.6081632653061213,A7,A:7
chord,10.93061224489796,0.7410430839002267,F-7,F:min7
chord,11.730068027210883,0.7246258503401375,Bb7,Bb:7
chord,12.624557823129251,0.5770748299319735,Ebj7,Eb:maj7
chord,13.2840589569161,0.23793650793650833,Dm7b5,D:hdim7
chord,13.627573696145125,0.288798185941042,G7,G:7
chord,14.044807256235828,0.6809977324263041,C-7,C:min7
chord,14.835011337868481,0.5746938775510202,C-7/Bb,C:min7/b7
chord,16.639274376417234,0.08272108843537396,Db7,Db:7
chord,18.711473922902496,1.2202267573696126,F7,F:7
chord,20.304353741496598,1.360408163265305,Ej7,E:maj7
chord,22.216009070294785,0.2899319727891161,F-7,F:min7
chord,23.93859410430839,0.8046712018140596,Ebj7,Eb:maj7
chord,24.933333333333334,0.6347392290249445,Dm7b5,D:hdim7
chord,25.89265306122449,0.4126530612244892,G+7,G:aug(b7)
chord,26.473650793650794,1.3651247165532858,Dm7b5,D:hdim7
chord,27.989795918367346,1.422448979591838,G+7,G:aug(b7)
chord,30.20045351473923,0.0,Abj7,Ab:maj7
chord,31.454331065759636,0.2539682539682566,E-7,E:min7
chord,31.809886621315194,0.6864399092970501,A7,A:7
chord,32.62185941043084,0.6189569160997763,F-7,F:min7
chord,33.36272108843537,0.7648072562358337,Bb7,Bb:7
chord,34.411972789115644,0.0,Ebj7,Eb:maj7
chord,35.809115646258505,0.6320634920634873,C-7,C:min7
chord,36.61478458049886,0.266893424036283,C-7/Bb,C:min7/b7
chord,38.08943310657597,0.4063492063492049,Db7,Db:7
chord,38.880362811791386,0.36861678004535037,G+7,G:aug(b7)
chord,39.623401360544214,0.700952380952387,Gb7,Gb:7
chord,40.68281179138322,1.2429931972789063,F7,F:7
chord,42.04916099773243,0.25904761904761386,Ej7,E:maj7
chord,44.208616780045354,0.0,F-7,F:min7
chord,44.60263038548753,0.41070294784580597,Bb+7,Bb:aug(b7)
chord,45.20634920634921,1.3104761904761872,Ebj7,Eb:maj7
chord,46.73814058956916,0.5638095238095246,Dm7b5,D:hdim7
chord,47.889705215419504,0.0,G+7,G:aug(b7)
key,3.5255102040816326,44.518027210884355,Eb-maj,Eb:major
