type,time,duration,original,converted
chord,2.2489795918367346,0.0,NC,N
chord,2.336734693877551,2.185714285714286,Gj7,G:maj7
chord,4.686802721088435,0.3861678004535145,G-7,G:min7
chord,5.283990929705215,0.0,C7,C:7
chord,6.719274376417234,2.1317460317460313,Fj7,F:maj7
chord,9.148979591836735,0.4448979591836739,F-7,F:min7
chord,11.148979591836735,0.8510204081632651,Eb7,Eb:7
chord,12.386031746031746,0.6731519274376421,D7,D:7
chord,13.175510204081633,1.00390022675737,G-,G:min
chord,14.287528344671202,0.4206349206349209,Cm7b5,C:hdim7
chord,14.83673469387755,0.3918367346938769,D7,D:7
chord,15.348979591836734,0.1764625850340149,B-7,B:min7
chord,16.677551020408163,0.5429478458049886,E7,E:7
chord,17.510022675736963,0.9977324263038554,A-7,A:min7
chord,18.611156462585033,1.0217233560090726,D7,D:7
chord,19.781632653061223,1.945351473922905,Gj7,G:maj7
chord,21.809705215419502,0.44154195011337904,G-7,G:min7
chord,22.457324263038547,0.38167800453515,C7,C:7
chord,22.913015873015873,0.1012698412698434,G-7,G:min7
chord,24.1265306122449,1.930612244897958,Fj7,F:maj7
chord,26.17142857142857,0.4673469387755098,F-7,F:min7
chord,27.681814058956917,0.5630839002267578,Bb7,Bb:7
chord,28.387755102040817,0.7804535147392286,Eb7,Eb:7
chord,29.62938775510204,0.817551020408164,D7,D:7
chord,30.546938775510203,0.571428571428573,G,G:maj
chord,32.6265306122449,0.0,D7,D:7
chord,32.71938775510204,0.48365079365079566,G/B,G:maj/3
chord,33.30281179138322,0.46453514739229007,Bb7,Bb:7
chord,33.97142857142857,0.304081632653066,A-7,A:min7
chord,34.78163265306122,0.08612244897959442,Ab7,Ab:7
chord,34.955555555555556,0.9555555555555557,Gj7,G:maj7
chord,36.007619047619045,0.42503401360544757,A-7,A:min7
chord,36.507936507936506,0.4798185941043087,D7,D:7
key,2.2489795918367346,35.09591836734693,G-maj,G:major
