type,time,duration,original,converted
chord,0.8836734693877552,3.270408163265306,C-,C:min
chord,4.271428571428571,189.68367346938774,C-7,C:min7
key,0.8836734693877552,193.53673469387755,C-min,C:minor
