type,time,duration,original,converted
chord,3.306122448979592,0.45714285714285685,Bb7,Bb:7
chord,5.975510204081632,1.9250793650793652,F7,F:7
chord,8.073469387755102,3.6235827664399096,Bb7,Bb:7
chord,11.81315192743764,0.0,F7,F:7
chord,13.920362811791383,0.5282539682539689,A-7,A:min7
chord,15.008163265306122,0.41632653061224545,D7,D:7
chord,15.489795918367347,1.742857142857142,G-7,G:min7
chord,17.387755102040817,1.6571428571428548,C7,C:7
chord,19.17142857142857,1.7469387755102055,F7,F:7
chord,20.987755102040815,0.23265306122449303,G-7,G:min7
chord,21.979591836734695,0.7061224489795919,C7,C:7
chord,22.96453514739229,1.5864852607709743,F7,F:7
chord,24.693877551020407,1.7306122448979622,Bb7,Bb:7
chord,26.57551020408163,3.5551020408163296,F7,F:7
chord,30.3265306122449,3.473469387755099,Bb7,Bb:7
chord,33.95918367346939,1.351020408163265,F7,F:7
chord,36.69387755102041,0.0,A-7,A:min7
chord,36.79183673469388,0.3346938775510182,D7,D:7
chord,38.04897959183673,1.351020408163265,G-7,G:min7
chord,39.55102040816327,1.620408163265303,C7,C:7
chord,41.30612244897959,1.1020408163265287,F7,F:7
chord,43.183673469387756,0.7346938775510168,G-7,G:min7
chord,44.38061224489796,0.48061224489795507,C7,C:7
chord,45.012244897959185,0.9510204081632665,F7,F:7
chord,46.83265306122449,1.7265306122448933,Bb7,Bb:7
chord,48.6,3.114285714285714,F7,F:7
chord,52.33877551020408,3.3632653061224502,Bb7,Bb:7
chord,56.4,0.9918367346938766,F7,F:7
chord,57.840816326530614,0.6734693877550981,A-7,A:min7
chord,59.204081632653065,0.2653061224489761,D7,D:7
chord,59.608163265306125,1.832653061224491,G-7,G:min7
chord,61.51020408163265,1.7510204081632708,C7,C:7
chord,63.453061224489794,1.4897959183673422,F7,F:7
chord,65.17551020408163,0.6897959183673521,G-7,G:min7
chord,66.0326530612245,0.4917913832199474,C7,C:7
chord,66.95102040816326,0.0,F7,F:7
key,3.306122448979592,63.999999999999986,F-maj,F:major
