type,time,duration,original,converted
chord,9.918367346938776,165.70510204081634,NC,N
key,9.918367346938776,166.0091836734694,,N
