type,time,duration,original,converted
chord,4.685714285714286,2.013242630385487,Fj7,F:maj7
chord,7.111111111111111,0.0,Fj7/A,F:maj7/3
chord,7.459410430839002,0.0,Abo7,Ab:dim7
chord,7.87156462585034,0.6037188208616779,G-7,G:min7
chord,8.730702947845804,0.911383219954649,C7,C:7
chord,9.885895691609978,0.0,F6,F:maj6
chord,10.234195011337869,0.19156462585034006,D7,D:7
chord,11.418412698412698,0.21478458049886662,C7,C:7
chord,11.755102040816327,3.0185941043083897,Fj7,F:maj7
chord,15.539954648526077,0.13351473922902457,Abo7,Ab:dim7
chord,15.783764172335601,0.9999092970521524,G-7,G:min7
chord,17.04344671201814,0.5218594104308387,C7,C:7
chord,18.053514739229026,1.6158730158730137,F6,F:maj6
chord,19.82984126984127,0.8997732426303848,C-7,C:min7
chord,20.82249433106576,0.9984580498866222,F7,F:7
chord,22.251972789115648,1.3801360544217687,Bbj7,Bb:maj7
chord,24.035555555555554,0.7764172335600925,Bb-7,Bb:min7
chord,24.920816326530613,0.9113832199546472,Eb79,Eb:9
chord,25.925079365079366,0.9034920634920631,D7,D:7
chord,26.940952380952382,0.37732426303854893,G-7,G:min7
chord,27.45469387755102,0.4484353741496605,C7,C:7
chord,28.6265306122449,1.3736507936507927,Fj7,F:maj7
chord,30.284625850340134,1.6834467120181422,G7,G:7
chord,32.07836734693878,1.0042630385487499,G-7,G:min7
chord,33.332244897959185,0.6153287981859421,C7,C:7
chord,34.08544217687075,0.4774603174603129,F6,F:maj6
chord,34.71383219954649,0.3642630385487493,D7,D:7
chord,35.34222222222222,0.24816326530612542,G-7,G:min7
chord,35.738412698412695,0.11682539682539783,C7,C:7
chord,36.611337868480724,1.2621315192743765,Fj7,F:maj7
key,4.685714285714286,33.436734693877554,F-maj,F:major
