type,time,duration,original,converted
chord,7.047256235827664,233.6772335600907,D,D:maj
key,7.047256235827664,233.76396825396827,D-chrom,D:chromatic
