type,time,duration,original,converted
chord,0.0,0.3333333333333333,Ab:R,Ab:R
chord,0.3333333333333333,1.3333333333333333,Ab:V,Eb:maj
chord,2.0,136.0,Ab:I,Ab:maj
key,0.0,137.66666666666666,Ab,Ab:major
